Name,Department,Skill,Name,Department,Skill,Name,Department,Skill,Name,Department,Skill,Name,Department,Skill,Name,Department,Skill,Name,Department,Skill
Mahesh kumar,SBS,Elite,Mahesh kumar,SBS,Elite,Mahesh kumar,SBS,Elite,Mahesh kumar,SBS,Elite,Mahesh kumar,SBS,Elite,Mahesh kumar,SBS,Elite,Mahesh kumar,SBS,Elite
Mahesh kumar,SBS,Elite,Mahesh kumar,SBS,Elite,Mahesh kumar,SBS,Elite,Mahesh kumar,SBS,Elite,Mahesh kumar,SBS,Elite,Mahesh kumar,SBS,Elite,Mahesh kumar,SBS,Elite
Mahesh kumar,SBS,Elite,Mahesh kumar,SBS,Elite,Mahesh kumar,SBS,Elite,Mahesh kumar,SBS,Elite,Mahesh kumar,SBS,Elite,Mahesh kumar,SBS,Elite,Mahesh kumar,SBS,Elite
Mahesh kumar,SBS,Elite,Mahesh kumar,SBS,Elite,Mahesh kumar,SBS,Elite,Mahesh kumar,SBS,Elite,Mahesh kumar,SBS,Elite,Mahesh kumar,SBS,Elite,Mahesh kumar,SBS,Elite
Mahesh kumar,SBS,Elite,Mahesh kumar,SBS,Elite,Mahesh kumar,SBS,Elite,Mahesh kumar,SBS,Elite,Mahesh kumar,SBS,Elite,Mahesh kumar,SBS,Elite,Mahesh kumar,SBS,Elite
Mahesh kumar,SBS,Elite,Mahesh kumar,SBS,Elite,Mahesh kumar,SBS,Elite,Mahesh kumar,SBS,Elite,Mahesh kumar,SBS,Elite,Mahesh kumar,SBS,Elite,Mahesh kumar,SBS,Elite
Mahesh kumar,SBS,Elite,Mahesh kumar,SBS,Elite,Mahesh kumar,SBS,Elite,Mahesh kumar,SBS,Elite,Mahesh kumar,SBS,Elite,Mahesh kumar,SBS,Elite,Mahesh kumar,SBS,Elite
Mahesh kumar,SBS,Elite,Mahesh kumar,SBS,Elite,Mahesh kumar,SBS,Elite,Mahesh kumar,SBS,Elite,Mahesh kumar,SBS,Elite,Mahesh kumar,SBS,Elite,Mahesh kumar,SBS,Elite
Mahesh kumar,SBS,Elite,Mahesh kumar,SBS,Elite,Mahesh kumar,SBS,Elite,Mahesh kumar,SBS,Elite,Mahesh kumar,SBS,Elite,Mahesh kumar,SBS,Elite,Mahesh kumar,SBS,Elite
Mahesh kumar,SBS,Elite,Mahesh kumar,SBS,Elite,Mahesh kumar,SBS,Elite,Mahesh kumar,SBS,Elite,Mahesh kumar,SBS,Elite,Mahesh kumar,SBS,Elite,Mahesh kumar,SBS,Elite
Mahesh kumar,SBS,Elite,Mahesh kumar,SBS,Elite,Mahesh kumar,SBS,Elite,Mahesh kumar,SBS,Elite,Mahesh kumar,SBS,Elite,Mahesh kumar,SBS,Elite,Mahesh kumar,SBS,Elite
Mahesh kumar,SBS,Elite,Mahesh kumar,SBS,Elite,Mahesh kumar,SBS,Elite,Mahesh kumar,SBS,Elite,Mahesh kumar,SBS,Elite,Mahesh kumar,SBS,Elite,Mahesh kumar,SBS,Elite
Mahesh kumar,SBS,Elite,Mahesh kumar,SBS,Elite,Mahesh kumar,SBS,Elite,Mahesh kumar,SBS,Elite,Mahesh kumar,SBS,Elite,Mahesh kumar,SBS,Elite,Mahesh kumar,SBS,Elite
Mahesh kumar,SBS,Elite,Mahesh kumar,SBS,Elite,Mahesh kumar,SBS,Elite,Mahesh kumar,SBS,Elite,Mahesh kumar,SBS,Elite,Mahesh kumar,SBS,Elite,Mahesh kumar,SBS,Elite
Mahesh kumar,SBS,Elite,Mahesh kumar,SBS,Elite,Mahesh kumar,SBS,Elite,Mahesh kumar,SBS,Elite,Mahesh kumar,SBS,Elite,Mahesh kumar,SBS,Elite,Mahesh kumar,SBS,Elite
Mahesh kumar,SBS,Elite,Mahesh kumar,SBS,Elite,Mahesh kumar,SBS,Elite,Mahesh kumar,SBS,Elite,Mahesh kumar,SBS,Elite,Mahesh kumar,SBS,Elite,Mahesh kumar,SBS,Elite
Mahesh kumar,SBS,Elite,Mahesh kumar,SBS,Elite,Mahesh kumar,SBS,Elite,Mahesh kumar,SBS,Elite,Mahesh kumar,SBS,Elite,Mahesh kumar,SBS,Elite,Mahesh kumar,SBS,Elite
Mahesh kumar,SBS,Elite,Mahesh kumar,SBS,Elite,Mahesh kumar,SBS,Elite,Mahesh kumar,SBS,Elite,Mahesh kumar,SBS,Elite,Mahesh kumar,SBS,Elite,Mahesh kumar,SBS,Elite
Mahesh kumar,SBS,Elite,Mahesh kumar,SBS,Elite,Mahesh kumar,SBS,Elite,Mahesh kumar,SBS,Elite,Mahesh kumar,SBS,Elite,Mahesh kumar,SBS,Elite,Mahesh kumar,SBS,Elite
Mahesh kumar,SBS,Elite,Mahesh kumar,SBS,Elite,Mahesh kumar,SBS,Elite,Mahesh kumar,SBS,Elite,Mahesh kumar,SBS,Elite,Mahesh kumar,SBS,Elite,Mahesh kumar,SBS,Elite
Mahesh kumar,SBS,Elite,Mahesh kumar,SBS,Elite,Mahesh kumar,SBS,Elite,Mahesh kumar,SBS,Elite,Mahesh kumar,SBS,Elite,Mahesh kumar,SBS,Elite,Mahesh kumar,SBS,Elite
Mahesh kumar,SBS,Elite,Mahesh kumar,SBS,Elite,Mahesh kumar,SBS,Elite,Mahesh kumar,SBS,Elite,Mahesh kumar,SBS,Elite,Mahesh kumar,SBS,Elite,Mahesh kumar,SBS,Elite
Mahesh kumar,SBS,Elite,Mahesh kumar,SBS,Elite,Mahesh kumar,SBS,Elite,Mahesh kumar,SBS,Elite,Mahesh kumar,SBS,Elite,Mahesh kumar,SBS,Elite,Mahesh kumar,SBS,Elite
Mahesh kumar,SBS,Elite,Mahesh kumar,SBS,Elite,Mahesh kumar,SBS,Elite,Mahesh kumar,SBS,Elite,Mahesh kumar,SBS,Elite,Mahesh kumar,SBS,Elite,Mahesh kumar,SBS,Elite
Mahesh kumar,SBS,Elite,Mahesh kumar,SBS,Elite,Mahesh kumar,SBS,Elite,Mahesh kumar,SBS,Elite,Mahesh kumar,SBS,Elite,Mahesh kumar,SBS,Elite,Mahesh kumar,SBS,Elite
Mahesh kumar,SBS,Elite,Mahesh kumar,SBS,Elite,Mahesh kumar,SBS,Elite,Mahesh kumar,SBS,Elite,Mahesh kumar,SBS,Elite,Mahesh kumar,SBS,Elite,Mahesh kumar,SBS,Elite
Mahesh kumar,SBS,Elite,Mahesh kumar,SBS,Elite,Mahesh kumar,SBS,Elite,Mahesh kumar,SBS,Elite,Mahesh kumar,SBS,Elite,Mahesh kumar,SBS,Elite,Mahesh kumar,SBS,Elite
Mahesh kumar,SBS,Elite,Mahesh kumar,SBS,Elite,Mahesh kumar,SBS,Elite,Mahesh kumar,SBS,Elite,Mahesh kumar,SBS,Elite,Mahesh kumar,SBS,Elite,Mahesh kumar,SBS,Elite
Mahesh kumar,SBS,Elite,Mahesh kumar,SBS,Elite,Mahesh kumar,SBS,Elite,Mahesh kumar,SBS,Elite,Mahesh kumar,SBS,Elite,Mahesh kumar,SBS,Elite,Mahesh kumar,SBS,Elite
Mahesh kumar,SBS,Elite,Mahesh kumar,SBS,Elite,Mahesh kumar,SBS,Elite,Mahesh kumar,SBS,Elite,Mahesh kumar,SBS,Elite,Mahesh kumar,SBS,Elite,Mahesh kumar,SBS,Elite
Mahesh kumar,SBS,Elite,Mahesh kumar,SBS,Elite,Mahesh kumar,SBS,Elite,Mahesh kumar,SBS,Elite,Mahesh kumar,SBS,Elite,Mahesh kumar,SBS,Elite,Mahesh kumar,SBS,Elite
Mahesh kumar,SBS,Elite,Mahesh kumar,SBS,Elite,Mahesh kumar,SBS,Elite,Mahesh kumar,SBS,Elite,Mahesh kumar,SBS,Elite,Mahesh kumar,SBS,Elite,Mahesh kumar,SBS,Elite
Mahesh kumar,SBS,Elite,Mahesh kumar,SBS,Elite,Mahesh kumar,SBS,Elite,Mahesh kumar,SBS,Elite,Mahesh kumar,SBS,Elite,Mahesh kumar,SBS,Elite,Mahesh kumar,SBS,Elite
Mahesh kumar,SBS,Elite,Mahesh kumar,SBS,Elite,Mahesh kumar,SBS,Elite,Mahesh kumar,SBS,Elite,Mahesh kumar,SBS,Elite,Mahesh kumar,SBS,Elite,Mahesh kumar,SBS,Elite
Mahesh kumar,SBS,Elite,Mahesh kumar,SBS,Elite,Mahesh kumar,SBS,Elite,Mahesh kumar,SBS,Elite,Mahesh kumar,SBS,Elite,Mahesh kumar,SBS,Elite,Mahesh kumar,SBS,Elite
Mahesh kumar,SBS,Elite,Mahesh kumar,SBS,Elite,Mahesh kumar,SBS,Elite,Mahesh kumar,SBS,Elite,Mahesh kumar,SBS,Elite,Mahesh kumar,SBS,Elite,Mahesh kumar,SBS,Elite
Mahesh kumar,SBS,Elite,Mahesh kumar,SBS,Elite,Mahesh kumar,SBS,Elite,Mahesh kumar,SBS,Elite,Mahesh kumar,SBS,Elite,Mahesh kumar,SBS,Elite,Mahesh kumar,SBS,Elite
Mahesh kumar,SBS,Elite,Mahesh kumar,SBS,Elite,Mahesh kumar,SBS,Elite,Mahesh kumar,SBS,Elite,Mahesh kumar,SBS,Elite,Mahesh kumar,SBS,Elite,Mahesh kumar,SBS,Elite
Mahesh kumar,SBS,Elite,Mahesh kumar,SBS,Elite,Mahesh kumar,SBS,Elite,Mahesh kumar,SBS,Elite,Mahesh kumar,SBS,Elite,Mahesh kumar,SBS,Elite,Mahesh kumar,SBS,Elite
Mahesh kumar,SBS,Elite,Mahesh kumar,SBS,Elite,Mahesh kumar,SBS,Elite,Mahesh kumar,SBS,Elite,Mahesh kumar,SBS,Elite,Mahesh kumar,SBS,Elite,Mahesh kumar,SBS,Elite
Mahesh kumar,SBS,Elite,Mahesh kumar,SBS,Elite,Mahesh kumar,SBS,Elite,Mahesh kumar,SBS,Elite,Mahesh kumar,SBS,Elite,Mahesh kumar,SBS,Elite,Mahesh kumar,SBS,Elite
Mahesh kumar,SBS,Elite,Mahesh kumar,SBS,Elite,Mahesh kumar,SBS,Elite,Mahesh kumar,SBS,Elite,Mahesh kumar,SBS,Elite,Mahesh kumar,SBS,Elite,Mahesh kumar,SBS,Elite
Mahesh kumar,SBS,Elite,Mahesh kumar,SBS,Elite,Mahesh kumar,SBS,Elite,Mahesh kumar,SBS,Elite,Mahesh kumar,SBS,Elite,Mahesh kumar,SBS,Elite,Mahesh kumar,SBS,Elite
Mahesh kumar,SBS,Elite,Mahesh kumar,SBS,Elite,Mahesh kumar,SBS,Elite,Mahesh kumar,SBS,Elite,Mahesh kumar,SBS,Elite,Mahesh kumar,SBS,Elite,Mahesh kumar,SBS,Elite
Mahesh kumar,SBS,Elite,Mahesh kumar,SBS,Elite,Mahesh kumar,SBS,Elite,Mahesh kumar,SBS,Elite,Mahesh kumar,SBS,Elite,Mahesh kumar,SBS,Elite,Mahesh kumar,SBS,Elite
Mahesh kumar,SBS,Elite,Mahesh kumar,SBS,Elite,Mahesh kumar,SBS,Elite,Mahesh kumar,SBS,Elite,Mahesh kumar,SBS,Elite,Mahesh kumar,SBS,Elite,Mahesh kumar,SBS,Elite
Mahesh kumar,SBS,Elite,Mahesh kumar,SBS,Elite,Mahesh kumar,SBS,Elite,Mahesh kumar,SBS,Elite,Mahesh kumar,SBS,Elite,Mahesh kumar,SBS,Elite,Mahesh kumar,SBS,Elite
Mahesh kumar,SBS,Elite,Mahesh kumar,SBS,Elite,Mahesh kumar,SBS,Elite,Mahesh kumar,SBS,Elite,Mahesh kumar,SBS,Elite,Mahesh kumar,SBS,Elite,Mahesh kumar,SBS,Elite
Mahesh kumar,SBS,Elite,Mahesh kumar,SBS,Elite,Mahesh kumar,SBS,Elite,Mahesh kumar,SBS,Elite,Mahesh kumar,SBS,Elite,Mahesh kumar,SBS,Elite,Mahesh kumar,SBS,Elite
Mahesh kumar,SBS,Elite,Mahesh kumar,SBS,Elite,Mahesh kumar,SBS,Elite,Mahesh kumar,SBS,Elite,Mahesh kumar,SBS,Elite,Mahesh kumar,SBS,Elite,Mahesh kumar,SBS,Elite
Mahesh kumar,SBS,Elite,Mahesh kumar,SBS,Elite,Mahesh kumar,SBS,Elite,Mahesh kumar,SBS,Elite,Mahesh kumar,SBS,Elite,Mahesh kumar,SBS,Elite,Mahesh kumar,SBS,Elite
Mahesh kumar,SBS,Elite,Mahesh kumar,SBS,Elite,Mahesh kumar,SBS,Elite,Mahesh kumar,SBS,Elite,Mahesh kumar,SBS,Elite,Mahesh kumar,SBS,Elite,Mahesh kumar,SBS,Elite
Mahesh kumar,SBS,Elite,Mahesh kumar,SBS,Elite,Mahesh kumar,SBS,Elite,Mahesh kumar,SBS,Elite,Mahesh kumar,SBS,Elite,Mahesh kumar,SBS,Elite,Mahesh kumar,SBS,Elite
Mahesh kumar,SBS,Elite,Mahesh kumar,SBS,Elite,Mahesh kumar,SBS,Elite,Mahesh kumar,SBS,Elite,Mahesh kumar,SBS,Elite,Mahesh kumar,SBS,Elite,Mahesh kumar,SBS,Elite
Mahesh kumar,SBS,Elite,Mahesh kumar,SBS,Elite,Mahesh kumar,SBS,Elite,Mahesh kumar,SBS,Elite,Mahesh kumar,SBS,Elite,Mahesh kumar,SBS,Elite,Mahesh kumar,SBS,Elite
Mahesh kumar,SBS,Elite,Mahesh kumar,SBS,Elite,Mahesh kumar,SBS,Elite,Mahesh kumar,SBS,Elite,Mahesh kumar,SBS,Elite,Mahesh kumar,SBS,Elite,Mahesh kumar,SBS,Elite
Mahesh kumar,SBS,Elite,Mahesh kumar,SBS,Elite,Mahesh kumar,SBS,Elite,Mahesh kumar,SBS,Elite,Mahesh kumar,SBS,Elite,Mahesh kumar,SBS,Elite,Mahesh kumar,SBS,Elite
Mahesh kumar,SBS,Elite,Mahesh kumar,SBS,Elite,Mahesh kumar,SBS,Elite,Mahesh kumar,SBS,Elite,Mahesh kumar,SBS,Elite,Mahesh kumar,SBS,Elite,Mahesh kumar,SBS,Elite
Mahesh kumar,SBS,Elite,Mahesh kumar,SBS,Elite,Mahesh kumar,SBS,Elite,Mahesh kumar,SBS,Elite,Mahesh kumar,SBS,Elite,Mahesh kumar,SBS,Elite,Mahesh kumar,SBS,Elite
Mahesh kumar,SBS,Elite,Mahesh kumar,SBS,Elite,Mahesh kumar,SBS,Elite,Mahesh kumar,SBS,Elite,Mahesh kumar,SBS,Elite,Mahesh kumar,SBS,Elite,Mahesh kumar,SBS,Elite
Mahesh kumar,SBS,Elite,Mahesh kumar,SBS,Elite,Mahesh kumar,SBS,Elite,Mahesh kumar,SBS,Elite,Mahesh kumar,SBS,Elite,Mahesh kumar,SBS,Elite,Mahesh kumar,SBS,Elite
Mahesh kumar,SBS,Elite,Mahesh kumar,SBS,Elite,Mahesh kumar,SBS,Elite,Mahesh kumar,SBS,Elite,Mahesh kumar,SBS,Elite,Mahesh kumar,SBS,Elite,Mahesh kumar,SBS,Elite
Mahesh kumar,SBS,Elite,Mahesh kumar,SBS,Elite,Mahesh kumar,SBS,Elite,Mahesh kumar,SBS,Elite,Mahesh kumar,SBS,Elite,Mahesh kumar,SBS,Elite,Mahesh kumar,SBS,Elite
Mahesh kumar,SBS,Elite,Mahesh kumar,SBS,Elite,Mahesh kumar,SBS,Elite,Mahesh kumar,SBS,Elite,Mahesh kumar,SBS,Elite,Mahesh kumar,SBS,Elite,Mahesh kumar,SBS,Elite
Mahesh kumar,SBS,Elite,Mahesh kumar,SBS,Elite,Mahesh kumar,SBS,Elite,Mahesh kumar,SBS,Elite,Mahesh kumar,SBS,Elite,Mahesh kumar,SBS,Elite,Mahesh kumar,SBS,Elite
Mahesh kumar,SBS,Elite,Mahesh kumar,SBS,Elite,Mahesh kumar,SBS,Elite,Mahesh kumar,SBS,Elite,Mahesh kumar,SBS,Elite,Mahesh kumar,SBS,Elite,Mahesh kumar,SBS,Elite
Mahesh kumar,SBS,Elite,Mahesh kumar,SBS,Elite,Mahesh kumar,SBS,Elite,Mahesh kumar,SBS,Elite,Mahesh kumar,SBS,Elite,Mahesh kumar,SBS,Elite,Mahesh kumar,SBS,Elite
Mahesh kumar,SBS,Elite,Mahesh kumar,SBS,Elite,Mahesh kumar,SBS,Elite,Mahesh kumar,SBS,Elite,Mahesh kumar,SBS,Elite,Mahesh kumar,SBS,Elite,Mahesh kumar,SBS,Elite
Mahesh kumar,SBS,Elite,Mahesh kumar,SBS,Elite,Mahesh kumar,SBS,Elite,Mahesh kumar,SBS,Elite,Mahesh kumar,SBS,Elite,Mahesh kumar,SBS,Elite,Mahesh kumar,SBS,Elite
Mahesh kumar,SBS,Elite,Mahesh kumar,SBS,Elite,Mahesh kumar,SBS,Elite,Mahesh kumar,SBS,Elite,Mahesh kumar,SBS,Elite,Mahesh kumar,SBS,Elite,Mahesh kumar,SBS,Elite
Mahesh kumar,SBS,Elite,Mahesh kumar,SBS,Elite,Mahesh kumar,SBS,Elite,Mahesh kumar,SBS,Elite,Mahesh kumar,SBS,Elite,Mahesh kumar,SBS,Elite,Mahesh kumar,SBS,Elite
Mahesh kumar,SBS,Elite,Mahesh kumar,SBS,Elite,Mahesh kumar,SBS,Elite,Mahesh kumar,SBS,Elite,Mahesh kumar,SBS,Elite,Mahesh kumar,SBS,Elite,Mahesh kumar,SBS,Elite
Mahesh kumar,SBS,Elite,Mahesh kumar,SBS,Elite,Mahesh kumar,SBS,Elite,Mahesh kumar,SBS,Elite,Mahesh kumar,SBS,Elite,Mahesh kumar,SBS,Elite,Mahesh kumar,SBS,Elite
Mahesh kumar,SBS,Elite,Mahesh kumar,SBS,Elite,Mahesh kumar,SBS,Elite,Mahesh kumar,SBS,Elite,Mahesh kumar,SBS,Elite,Mahesh kumar,SBS,Elite,Mahesh kumar,SBS,Elite
Mahesh kumar,SBS,Elite,Mahesh kumar,SBS,Elite,Mahesh kumar,SBS,Elite,Mahesh kumar,SBS,Elite,Mahesh kumar,SBS,Elite,Mahesh kumar,SBS,Elite,Mahesh kumar,SBS,Elite
Mahesh kumar,SBS,Elite,Mahesh kumar,SBS,Elite,Mahesh kumar,SBS,Elite,Mahesh kumar,SBS,Elite,Mahesh kumar,SBS,Elite,Mahesh kumar,SBS,Elite,Mahesh kumar,SBS,Elite
Mahesh kumar,SBS,Elite,Mahesh kumar,SBS,Elite,Mahesh kumar,SBS,Elite,Mahesh kumar,SBS,Elite,Mahesh kumar,SBS,Elite,Mahesh kumar,SBS,Elite,Mahesh kumar,SBS,Elite
Mahesh kumar,SBS,Elite,Mahesh kumar,SBS,Elite,Mahesh kumar,SBS,Elite,Mahesh kumar,SBS,Elite,Mahesh kumar,SBS,Elite,Mahesh kumar,SBS,Elite,Mahesh kumar,SBS,Elite
Mahesh kumar,SBS,Elite,Mahesh kumar,SBS,Elite,Mahesh kumar,SBS,Elite,Mahesh kumar,SBS,Elite,Mahesh kumar,SBS,Elite,Mahesh kumar,SBS,Elite,Mahesh kumar,SBS,Elite
Mahesh kumar,SBS,Elite,Mahesh kumar,SBS,Elite,Mahesh kumar,SBS,Elite,Mahesh kumar,SBS,Elite,Mahesh kumar,SBS,Elite,Mahesh kumar,SBS,Elite,Mahesh kumar,SBS,Elite
Mahesh kumar,SBS,Elite,Mahesh kumar,SBS,Elite,Mahesh kumar,SBS,Elite,Mahesh kumar,SBS,Elite,Mahesh kumar,SBS,Elite,Mahesh kumar,SBS,Elite,Mahesh kumar,SBS,Elite
Mahesh kumar,SBS,Elite,Mahesh kumar,SBS,Elite,Mahesh kumar,SBS,Elite,Mahesh kumar,SBS,Elite,Mahesh kumar,SBS,Elite,Mahesh kumar,SBS,Elite,Mahesh kumar,SBS,Elite
Mahesh kumar,SBS,Elite,Mahesh kumar,SBS,Elite,Mahesh kumar,SBS,Elite,Mahesh kumar,SBS,Elite,Mahesh kumar,SBS,Elite,Mahesh kumar,SBS,Elite,Mahesh kumar,SBS,Elite
Mahesh kumar,SBS,Elite,Mahesh kumar,SBS,Elite,Mahesh kumar,SBS,Elite,Mahesh kumar,SBS,Elite,Mahesh kumar,SBS,Elite,Mahesh kumar,SBS,Elite,Mahesh kumar,SBS,Elite
Mahesh kumar,SBS,Elite,Mahesh kumar,SBS,Elite,Mahesh kumar,SBS,Elite,Mahesh kumar,SBS,Elite,Mahesh kumar,SBS,Elite,Mahesh kumar,SBS,Elite,Mahesh kumar,SBS,Elite
Mahesh kumar,SBS,Elite,Mahesh kumar,SBS,Elite,Mahesh kumar,SBS,Elite,Mahesh kumar,SBS,Elite,Mahesh kumar,SBS,Elite,Mahesh kumar,SBS,Elite,Mahesh kumar,SBS,Elite
Mahesh kumar,SBS,Elite,Mahesh kumar,SBS,Elite,Mahesh kumar,SBS,Elite,Mahesh kumar,SBS,Elite,Mahesh kumar,SBS,Elite,Mahesh kumar,SBS,Elite,Mahesh kumar,SBS,Elite
Mahesh kumar,SBS,Elite,Mahesh kumar,SBS,Elite,Mahesh kumar,SBS,Elite,Mahesh kumar,SBS,Elite,Mahesh kumar,SBS,Elite,Mahesh kumar,SBS,Elite,Mahesh kumar,SBS,Elite
Mahesh kumar,SBS,Elite,Mahesh kumar,SBS,Elite,Mahesh kumar,SBS,Elite,Mahesh kumar,SBS,Elite,Mahesh kumar,SBS,Elite,Mahesh kumar,SBS,Elite,Mahesh kumar,SBS,Elite
Mahesh kumar,SBS,Elite,Mahesh kumar,SBS,Elite,Mahesh kumar,SBS,Elite,Mahesh kumar,SBS,Elite,Mahesh kumar,SBS,Elite,Mahesh kumar,SBS,Elite,Mahesh kumar,SBS,Elite
Mahesh kumar,SBS,Elite,Mahesh kumar,SBS,Elite,Mahesh kumar,SBS,Elite,Mahesh kumar,SBS,Elite,Mahesh kumar,SBS,Elite,Mahesh kumar,SBS,Elite,Mahesh kumar,SBS,Elite
Mahesh kumar,SBS,Elite,Mahesh kumar,SBS,Elite,Mahesh kumar,SBS,Elite,Mahesh kumar,SBS,Elite,Mahesh kumar,SBS,Elite,Mahesh kumar,SBS,Elite,Mahesh kumar,SBS,Elite
Mahesh kumar,SBS,Elite,Mahesh kumar,SBS,Elite,Mahesh kumar,SBS,Elite,Mahesh kumar,SBS,Elite,Mahesh kumar,SBS,Elite,Mahesh kumar,SBS,Elite,Mahesh kumar,SBS,Elite
Mahesh kumar,SBS,Elite,Mahesh kumar,SBS,Elite,Mahesh kumar,SBS,Elite,Mahesh kumar,SBS,Elite,Mahesh kumar,SBS,Elite,Mahesh kumar,SBS,Elite,Mahesh kumar,SBS,Elite
Mahesh kumar,SBS,Elite,Mahesh kumar,SBS,Elite,Mahesh kumar,SBS,Elite,Mahesh kumar,SBS,Elite,Mahesh kumar,SBS,Elite,Mahesh kumar,SBS,Elite,Mahesh kumar,SBS,Elite
Mahesh kumar,SBS,Elite,Mahesh kumar,SBS,Elite,Mahesh kumar,SBS,Elite,Mahesh kumar,SBS,Elite,Mahesh kumar,SBS,Elite,Mahesh kumar,SBS,Elite,Mahesh kumar,SBS,Elite
Mahesh kumar,SBS,Elite,Mahesh kumar,SBS,Elite,Mahesh kumar,SBS,Elite,Mahesh kumar,SBS,Elite,Mahesh kumar,SBS,Elite,Mahesh kumar,SBS,Elite,Mahesh kumar,SBS,Elite
Mahesh kumar,SBS,Elite,Mahesh kumar,SBS,Elite,Mahesh kumar,SBS,Elite,Mahesh kumar,SBS,Elite,Mahesh kumar,SBS,Elite,Mahesh kumar,SBS,Elite,Mahesh kumar,SBS,Elite
Mahesh kumar,SBS,Elite,Mahesh kumar,SBS,Elite,Mahesh kumar,SBS,Elite,Mahesh kumar,SBS,Elite,Mahesh kumar,SBS,Elite,Mahesh kumar,SBS,Elite,Mahesh kumar,SBS,Elite
Mahesh kumar,SBS,Elite,Mahesh kumar,SBS,Elite,Mahesh kumar,SBS,Elite,Mahesh kumar,SBS,Elite,Mahesh kumar,SBS,Elite,Mahesh kumar,SBS,Elite,Mahesh kumar,SBS,Elite
Mahesh kumar,SBS,Elite,Mahesh kumar,SBS,Elite,Mahesh kumar,SBS,Elite,Mahesh kumar,SBS,Elite,Mahesh kumar,SBS,Elite,Mahesh kumar,SBS,Elite,Mahesh kumar,SBS,Elite
Mahesh kumar,SBS,Elite,Mahesh kumar,SBS,Elite,Mahesh kumar,SBS,Elite,Mahesh kumar,SBS,Elite,Mahesh kumar,SBS,Elite,Mahesh kumar,SBS,Elite,Mahesh kumar,SBS,Elite
Mahesh kumar,SBS,Elite,Mahesh kumar,SBS,Elite,Mahesh kumar,SBS,Elite,Mahesh kumar,SBS,Elite,Mahesh kumar,SBS,Elite,Mahesh kumar,SBS,Elite,Mahesh kumar,SBS,Elite
Mahesh kumar,SBS,Elite,Mahesh kumar,SBS,Elite,Mahesh kumar,SBS,Elite,Mahesh kumar,SBS,Elite,Mahesh kumar,SBS,Elite,Mahesh kumar,SBS,Elite,Mahesh kumar,SBS,Elite
Mahesh kumar,SBS,Elite,Mahesh kumar,SBS,Elite,Mahesh kumar,SBS,Elite,Mahesh kumar,SBS,Elite,Mahesh kumar,SBS,Elite,Mahesh kumar,SBS,Elite,Mahesh kumar,SBS,Elite
Mahesh kumar,SBS,Elite,Mahesh kumar,SBS,Elite,Mahesh kumar,SBS,Elite,Mahesh kumar,SBS,Elite,Mahesh kumar,SBS,Elite,Mahesh kumar,SBS,Elite,Mahesh kumar,SBS,Elite
Mahesh kumar,SBS,Elite,Mahesh kumar,SBS,Elite,Mahesh kumar,SBS,Elite,Mahesh kumar,SBS,Elite,Mahesh kumar,SBS,Elite,Mahesh kumar,SBS,Elite,Mahesh kumar,SBS,Elite
Mahesh kumar,SBS,Elite,Mahesh kumar,SBS,Elite,Mahesh kumar,SBS,Elite,Mahesh kumar,SBS,Elite,Mahesh kumar,SBS,Elite,Mahesh kumar,SBS,Elite,Mahesh kumar,SBS,Elite
Mahesh kumar,SBS,Elite,Mahesh kumar,SBS,Elite,Mahesh kumar,SBS,Elite,Mahesh kumar,SBS,Elite,Mahesh kumar,SBS,Elite,Mahesh kumar,SBS,Elite,Mahesh kumar,SBS,Elite
Mahesh kumar,SBS,Elite,Mahesh kumar,SBS,Elite,Mahesh kumar,SBS,Elite,Mahesh kumar,SBS,Elite,Mahesh kumar,SBS,Elite,Mahesh kumar,SBS,Elite,Mahesh kumar,SBS,Elite
Mahesh kumar,SBS,Elite,Mahesh kumar,SBS,Elite,Mahesh kumar,SBS,Elite,Mahesh kumar,SBS,Elite,Mahesh kumar,SBS,Elite,Mahesh kumar,SBS,Elite,Mahesh kumar,SBS,Elite
Mahesh kumar,SBS,Elite,Mahesh kumar,SBS,Elite,Mahesh kumar,SBS,Elite,Mahesh kumar,SBS,Elite,Mahesh kumar,SBS,Elite,Mahesh kumar,SBS,Elite,Mahesh kumar,SBS,Elite
Mahesh kumar,SBS,Elite,Mahesh kumar,SBS,Elite,Mahesh kumar,SBS,Elite,Mahesh kumar,SBS,Elite,Mahesh kumar,SBS,Elite,Mahesh kumar,SBS,Elite,Mahesh kumar,SBS,Elite
Mahesh kumar,SBS,Elite,Mahesh kumar,SBS,Elite,Mahesh kumar,SBS,Elite,Mahesh kumar,SBS,Elite,Mahesh kumar,SBS,Elite,Mahesh kumar,SBS,Elite,Mahesh kumar,SBS,Elite
Mahesh kumar,SBS,Elite,Mahesh kumar,SBS,Elite,Mahesh kumar,SBS,Elite,Mahesh kumar,SBS,Elite,Mahesh kumar,SBS,Elite,Mahesh kumar,SBS,Elite,Mahesh kumar,SBS,Elite
Mahesh kumar,SBS,Elite,Mahesh kumar,SBS,Elite,Mahesh kumar,SBS,Elite,Mahesh kumar,SBS,Elite,Mahesh kumar,SBS,Elite,Mahesh kumar,SBS,Elite,Mahesh kumar,SBS,Elite
Mahesh kumar,SBS,Elite,Mahesh kumar,SBS,Elite,Mahesh kumar,SBS,Elite,Mahesh kumar,SBS,Elite,Mahesh kumar,SBS,Elite,Mahesh kumar,SBS,Elite,Mahesh kumar,SBS,Elite
Mahesh kumar,SBS,Elite,Mahesh kumar,SBS,Elite,Mahesh kumar,SBS,Elite,Mahesh kumar,SBS,Elite,Mahesh kumar,SBS,Elite,Mahesh kumar,SBS,Elite,Mahesh kumar,SBS,Elite
Mahesh kumar,SBS,Elite,Mahesh kumar,SBS,Elite,Mahesh kumar,SBS,Elite,Mahesh kumar,SBS,Elite,Mahesh kumar,SBS,Elite,Mahesh kumar,SBS,Elite,Mahesh kumar,SBS,Elite
Mahesh kumar,SBS,Elite,Mahesh kumar,SBS,Elite,Mahesh kumar,SBS,Elite,Mahesh kumar,SBS,Elite,Mahesh kumar,SBS,Elite,Mahesh kumar,SBS,Elite,Mahesh kumar,SBS,Elite
Mahesh kumar,SBS,Elite,Mahesh kumar,SBS,Elite,Mahesh kumar,SBS,Elite,Mahesh kumar,SBS,Elite,Mahesh kumar,SBS,Elite,Mahesh kumar,SBS,Elite,Mahesh kumar,SBS,Elite
Mahesh kumar,SBS,Elite,Mahesh kumar,SBS,Elite,Mahesh kumar,SBS,Elite,Mahesh kumar,SBS,Elite,Mahesh kumar,SBS,Elite,Mahesh kumar,SBS,Elite,Mahesh kumar,SBS,Elite
Mahesh kumar,SBS,Elite,Mahesh kumar,SBS,Elite,Mahesh kumar,SBS,Elite,Mahesh kumar,SBS,Elite,Mahesh kumar,SBS,Elite,Mahesh kumar,SBS,Elite,Mahesh kumar,SBS,Elite
Mahesh kumar,SBS,Elite,Mahesh kumar,SBS,Elite,Mahesh kumar,SBS,Elite,Mahesh kumar,SBS,Elite,Mahesh kumar,SBS,Elite,Mahesh kumar,SBS,Elite,Mahesh kumar,SBS,Elite
Mahesh kumar,SBS,Elite,Mahesh kumar,SBS,Elite,Mahesh kumar,SBS,Elite,Mahesh kumar,SBS,Elite,Mahesh kumar,SBS,Elite,Mahesh kumar,SBS,Elite,Mahesh kumar,SBS,Elite
Mahesh kumar,SBS,Elite,Mahesh kumar,SBS,Elite,Mahesh kumar,SBS,Elite,Mahesh kumar,SBS,Elite,Mahesh kumar,SBS,Elite,Mahesh kumar,SBS,Elite,Mahesh kumar,SBS,Elite
Mahesh kumar,SBS,Elite,Mahesh kumar,SBS,Elite,Mahesh kumar,SBS,Elite,Mahesh kumar,SBS,Elite,Mahesh kumar,SBS,Elite,Mahesh kumar,SBS,Elite,Mahesh kumar,SBS,Elite
Mahesh kumar,SBS,Elite,Mahesh kumar,SBS,Elite,Mahesh kumar,SBS,Elite,Mahesh kumar,SBS,Elite,Mahesh kumar,SBS,Elite,Mahesh kumar,SBS,Elite,Mahesh kumar,SBS,Elite
Mahesh kumar,SBS,Elite,Mahesh kumar,SBS,Elite,Mahesh kumar,SBS,Elite,Mahesh kumar,SBS,Elite,Mahesh kumar,SBS,Elite,Mahesh kumar,SBS,Elite,Mahesh kumar,SBS,Elite
Mahesh kumar,SBS,Elite,Mahesh kumar,SBS,Elite,Mahesh kumar,SBS,Elite,Mahesh kumar,SBS,Elite,Mahesh kumar,SBS,Elite,Mahesh kumar,SBS,Elite,Mahesh kumar,SBS,Elite
Mahesh kumar,SBS,Elite,Mahesh kumar,SBS,Elite,Mahesh kumar,SBS,Elite,Mahesh kumar,SBS,Elite,Mahesh kumar,SBS,Elite,Mahesh kumar,SBS,Elite,Mahesh kumar,SBS,Elite
Mahesh kumar,SBS,Elite,Mahesh kumar,SBS,Elite,Mahesh kumar,SBS,Elite,Mahesh kumar,SBS,Elite,Mahesh kumar,SBS,Elite,Mahesh kumar,SBS,Elite,Mahesh kumar,SBS,Elite
Mahesh kumar,SBS,Elite,Mahesh kumar,SBS,Elite,Mahesh kumar,SBS,Elite,Mahesh kumar,SBS,Elite,Mahesh kumar,SBS,Elite,Mahesh kumar,SBS,Elite,Mahesh kumar,SBS,Elite
Mahesh kumar,SBS,Elite,Mahesh kumar,SBS,Elite,Mahesh kumar,SBS,Elite,Mahesh kumar,SBS,Elite,Mahesh kumar,SBS,Elite,Mahesh kumar,SBS,Elite,Mahesh kumar,SBS,Elite
Mahesh kumar,SBS,Elite,Mahesh kumar,SBS,Elite,Mahesh kumar,SBS,Elite,Mahesh kumar,SBS,Elite,Mahesh kumar,SBS,Elite,Mahesh kumar,SBS,Elite,Mahesh kumar,SBS,Elite
Mahesh kumar,SBS,Elite,Mahesh kumar,SBS,Elite,Mahesh kumar,SBS,Elite,Mahesh kumar,SBS,Elite,Mahesh kumar,SBS,Elite,Mahesh kumar,SBS,Elite,Mahesh kumar,SBS,Elite
Mahesh kumar,SBS,Elite,Mahesh kumar,SBS,Elite,Mahesh kumar,SBS,Elite,Mahesh kumar,SBS,Elite,Mahesh kumar,SBS,Elite,Mahesh kumar,SBS,Elite,Mahesh kumar,SBS,Elite
Mahesh kumar,SBS,Elite,Mahesh kumar,SBS,Elite,Mahesh kumar,SBS,Elite,Mahesh kumar,SBS,Elite,Mahesh kumar,SBS,Elite,Mahesh kumar,SBS,Elite,Mahesh kumar,SBS,Elite
